Clothing/TShirt\image5.jpeg,TShirt
Clothing/Shoes\up_2018-02-c01_2972_running_shoes_fit.jpg,Shoes
Clothing/LongPants\4550512734598_06_org_700x.jpg,LongPants
Clothing/Jacket\784x1000_58721_b094815d736ffcf1476708893cc63a74_16300825091500Zachjacketgrey.jpg,Jacket
Clothing/LongPants\image_file__50457.1694671630.jpg,LongPants
Clothing/ShortPants\CM07616-P-AGRN_1-700x700.jpg,ShortPants
Clothing/TShirt\image42.jpeg,TShirt
Clothing/LongPants\greenland_canvas_jeans_m_87216-232_a_main_fjr.jpg,LongPants
Clothing/ShortPants\kets-fleece-short-pants-men-and-kids-basic-short-light-khaki_CM07675-P-YLW_1.jpg,ShortPants
Clothing/LongPants\STP-17M-1002-NAVY-FRONT.jpg,LongPants
Clothing/Jacket\images21.jpg,Jacket
Clothing/ShortPants\image53.jpeg,ShortPants
Clothing/ShortPants\image64.jpeg,ShortPants
Clothing/ShortPants\girls-short-pants-500x500.jpg,ShortPants
Clothing/Sandals\image20.jpeg,Sandals
Clothing/Jacket\Finisterre20fourier20jacket.jpg,Jacket
Clothing/Sandals\206453_2el_alt100.jpg,Sandals
Clothing/LongPants\image9.jpeg,LongPants
Clothing/Shoes\8-white-leaf-8-urbanbox-white-black-original-imagvgf4cuzs2hrw.jpeg,Shoes
Clothing/LongPants\koton-9739-3166633-1.jpg,LongPants
Clothing/Sandals\image25.jpeg,Sandals
Clothing/ShortPants\image22.jpeg,ShortPants
Clothing/Jacket\images55.jpg,Jacket
Clothing/ShortPants\chino-shorts-birch-stretch-washed-chino-short-44334027768106.jpg,ShortPants
Clothing/ShortPants\proper-fitting-shorts-for-short-men-926061.jpg,ShortPants
Clothing/Shoes\cushioned-shoes-15408-1632754154.jpg,Shoes
Clothing/TShirt\1_hero-image.jpg,TShirt
Clothing/TShirt\images4.jpg,TShirt
Clothing/Jacket\best-winter-jackets-for-men.jpg,Jacket
Clothing/LongPants\image47.jpeg,LongPants
Clothing/Shoes\asics-choose-running-shoes-lp-article-06032022-2.jpg,Shoes
Clothing/Shoes\best-shoe-brands-nike-asics-celine.jpg,Shoes
Clothing/TShirt\20231117_160252589390_632104_Embroidery-Mens-Polo-T-shirt.jpg,TShirt
Clothing/TShirt\image63.jpeg,TShirt
Clothing/LongPants\02f824fa-572e-4817-bf3d-028db9f2f75e.jpeg,LongPants
Clothing/Sandals\71tRhnjIacL._AC_UF8941000_QL80_.jpg,Sandals
Clothing/TShirt\5178704800_2_1_1.jpg,TShirt
Clothing/Jacket\images41.jpg,Jacket
Clothing/Sandals\image40.jpeg,Sandals
Clothing/Shoes\image11.jpeg,Shoes
Clothing/LongPants\BG25820TECHNO20SLIDE20ON20LONGS20TAUPE20.jpg,LongPants
Clothing/Sandals\image19.jpeg,Sandals
Clothing/Jacket\image3.jpeg,Jacket
Clothing/ShortPants\c484631e-69b3-4326-a0aa-2da88f50f52d1696316994628Shorts1.jpg,ShortPants
Clothing/ShortPants\656fea9b932a0_1701833371.jpg,ShortPants
Clothing/TShirt\image8.jpeg,TShirt
Clothing/Shoes\image17.jpeg,Shoes
Clothing/ShortPants\Haf308c576bb8428d96e69c1c709c5d7ax.jpg_300x300.jpg,ShortPants
Clothing/TShirt\image61.jpeg,TShirt
Clothing/Jacket\argo-down-bomber-jacket-women-night-blue-moncler.jpg,Jacket
Clothing/Jacket\images52.jpg,Jacket
Clothing/Jacket\Paris2520Mens2520Fall2520222520day252032520by2520STYLEDUMONDE0K3A6025FullRes.jpg,Jacket
Clothing/Sandals\image36.jpeg,Sandals
Clothing/LongPants\image34.jpeg,LongPants
Clothing/Shoes\gettyimages-1090985526-170667a.jpg,Shoes
Clothing/Shoes\11-pairs-of-basketball-shoes.jpg,Shoes
Clothing/TShirt\image65.jpeg,TShirt
Clothing/TShirt\5026_CLASSIC_TEE_TURN__83899.1702842027.jpg,TShirt
Clothing/Jacket\image35.jpeg,Jacket
Clothing/Sandals\300967096TAN_1.jpg,Sandals
Clothing/Shoes\image42.jpeg,Shoes
Clothing/ShortPants\image43.jpeg,ShortPants
Clothing/Shoes\image8.jpeg,Shoes
Clothing/Sandals\image35.jpeg,Sandals
Clothing/Shoes\image47.jpeg,Shoes
Clothing/LongPants\image28.jpeg,LongPants
Clothing/Jacket\image6.jpeg,Jacket
Clothing/Jacket\238507001_g0.jpg,Jacket
Clothing/Sandals\sandals-2048px-seychelles-1.jpg,Sandals
Clothing/ShortPants\-stripes-50-56-vintage-little-flowers-1_4f6f98a4-d482-49d9-9658-b9f10dc13a42.jpg,ShortPants
Clothing/ShortPants\image24.jpeg,ShortPants
Clothing/TShirt\image48.jpeg,TShirt
Clothing/ShortPants\517609010_max.jpg,ShortPants
Clothing/LongPants\images6.jpg,LongPants
Clothing/Shoes\image18.jpeg,Shoes
Clothing/ShortPants\res78b22f8b6b913c122f544c69bd9956d9fr.jpg,ShortPants
Clothing/Shoes\image.jpeg,Shoes
Clothing/TShirt\image40.jpeg,TShirt
Clothing/TShirt\Select-The-Best-From-This-Stellar-Range-Of-Mens-T-shirts-Louis-Philippe-Fashion-Blogs.jpg,TShirt
Clothing/ShortPants\429715856_max.jpg,ShortPants
Clothing/Shoes\image41.jpeg,Shoes
Clothing/Sandals\image.jpeg,Sandals
Clothing/ShortPants\image20.jpeg,ShortPants
Clothing/LongPants\image13.jpeg,LongPants
Clothing/Jacket\image36.jpeg,Jacket
Clothing/ShortPants\image55.jpeg,ShortPants
Clothing/Jacket\image21.jpeg,Jacket
Clothing/Shoes\Ultrabounce_Shoes_Blue_HP5783_HM1.jpg,Shoes
Clothing/LongPants\images4.jpg,LongPants
Clothing/LongPants\image5.jpeg,LongPants
Clothing/LongPants\image38.jpeg,LongPants
Clothing/Shoes\nike-lebron.jpg,Shoes
Clothing/LongPants\SH_P2MB090109_01_XL_1000x.jpg,LongPants
Clothing/TShirt\21nmjj9fhHL._AC_SY580_.jpg,TShirt
Clothing/Sandals\960x0.jpg,Sandals
Clothing/Sandals\611zPxd4bFL._AC_UY1000_.jpg,Sandals
Clothing/ShortPants\images2.jpg,ShortPants
Clothing/ShortPants\64787a39c588401696164729-men-39-s-big-and-tall-denim-baggy.jpg,ShortPants
Clothing/Sandals\230320115326-mens-sandals-teva-terra-fi-5.jpg,Sandals
Clothing/ShortPants\DS103629369-7.jpg,ShortPants
Clothing/Sandals\ferragamo-cage-heel-sandal_22497730_48446030_2048.jpg,Sandals
Clothing/Jacket\image53.jpeg,Jacket
Clothing/Sandals\image24.jpeg,Sandals
Clothing/TShirt\TS6580UOY13_BG2_001.jpg,TShirt
Clothing/Sandals\CALLI_20THONG_20SANDAL_e_A_W26965_1200x1200.jpg,Sandals
Clothing/Jacket\winter-jackets-for-extreme-cold.jpg,Jacket
Clothing/Jacket\8809947343001_01_JPG_540x.jpg,Jacket
Clothing/ShortPants\images5.jpg,ShortPants
Clothing/Jacket\Mens-Thermotough-Jacket-LIM-0336-JBK-0-bottomleft-recycled-fill-sticker-30-555x555.jpg,Jacket
Clothing/Jacket\image20.jpeg,Jacket
Clothing/Shoes\809773-9638851.jpg,Shoes
Clothing/Jacket\images37.jpg,Jacket
Clothing/ShortPants\boys-sweat-shorts-pant-fashion-flat-sketch-illustration-template-vector.jpg,ShortPants
Clothing/Jacket\Adicolor_VRCT_Jacket_Green_IJ9776.jpg,Jacket
Clothing/TShirt\57054405_02.jpg,TShirt
Clothing/LongPants\image23.jpeg,LongPants
Clothing/TShirt\image32.jpeg,TShirt
Clothing/ShortPants\81pZXG9bEdL._AC_UY1000_.jpg,ShortPants
Clothing/ShortPants\image39.jpeg,ShortPants
Clothing/Jacket\images46.jpg,Jacket
Clothing/LongPants\happiness-istanbul-4584-5477213-1.jpg,LongPants
Clothing/Shoes\d6dcfd4d48664987a34f5f214fe1a5c4_md.jpg,Shoes
Clothing/Jacket\images17.jpg,Jacket
Clothing/Jacket\CWJ-1_CARBON_2000x.jpg,Jacket
Clothing/ShortPants\polo-haus-2407-9953572-1.jpg,ShortPants
Clothing/Jacket\e4977b39cc5cb58c55ac602fce097b5c.jpg,Jacket
Clothing/Sandals\WEBSITE-BONITA-01-1_1200x.jpg,Sandals
Clothing/ShortPants\s-l12004.jpg,ShortPants
Clothing/Shoes\image7.jpeg,Shoes
Clothing/Sandals\image9.jpeg,Sandals
Clothing/Jacket\Outdoor20Research20Coldfront20Down20Hoodie2028winter20jacket29.jpg,Jacket
Clothing/ShortPants\image16.jpeg,ShortPants
Clothing/ShortPants\38109829.jpg,ShortPants
Clothing/Jacket\image10.jpeg,Jacket
Clothing/ShortPants\bc280cd7ec5fd48e2fb5ee8dd73f8d01.jpg_720x720q80.jpg,ShortPants
Clothing/ShortPants\images.jpg,ShortPants
Clothing/Jacket\image5.jpeg,Jacket
Clothing/Jacket\Alta_Puffer_Jacket-Jackets-15120-01_Black-6.jpg,Jacket
Clothing/ShortPants\image33.jpeg,ShortPants
Clothing/LongPants\image42.jpeg,LongPants
Clothing/ShortPants\image2.jpeg,ShortPants
Clothing/ShortPants\image.jpeg,ShortPants
Clothing/Jacket\images23.jpg,Jacket
Clothing/Jacket\images10.jpg,Jacket
Clothing/Shoes\image28.jpeg,Shoes
Clothing/Shoes\image38.jpeg,Shoes
Clothing/TShirt\image3.jpeg,TShirt
Clothing/TShirt\image31.jpeg,TShirt
Clothing/Shoes\shoe-pile-2023-0109-preview-6446d61957fde.jpg,Shoes
Clothing/Shoes\image25.jpeg,Shoes
Clothing/LongPants\dsc02320.jpg,LongPants
Clothing/ShortPants\shorts_71442211_500.jpg,ShortPants
Clothing/TShirt\Create-T-Shirt-1.jpg,TShirt
Clothing/TShirt\p2436315.jpg,TShirt
Clothing/TShirt\image49.jpeg,TShirt
Clothing/Jacket\image56.jpeg,Jacket
Clothing/TShirt\Mint-T-Shirt-119.jpg,TShirt
Clothing/Jacket\119598-REFP0-front.jpg,Jacket
Clothing/Sandals\dd62ab08-5170-4957-b770-bbacecc8dc641701549296016BeigeSustainableSlip-OnWomenComfortSandals1.jpg,Sandals
Clothing/ShortPants\image54.jpeg,ShortPants
Clothing/Sandals\sandals-2048px-5367-2x1-1.jpg,Sandals
Clothing/TShirt\s-l1200.jpg,TShirt
Clothing/Sandals\05365f35-ee1c-4456-8292-e0144a90232b.66d459e00205fb42dcd8285330b0548d.jpeg,Sandals
Clothing/LongPants\cdb43496a63ae6e0725f7967ba00d3f9.jpg_720x720q80.jpg,LongPants
Clothing/Jacket\image25.jpeg,Jacket
Clothing/TShirt\image47.jpeg,TShirt
Clothing/Shoes\406870_3175_XL.jpg,Shoes
Clothing/Jacket\image32.jpeg,Jacket
Clothing/Jacket\i-3XL_181900e6-7e99-47b3-a3ac-18e9443856f5.01379a0a31d42df813efa09ed3efe4bc.jpeg,Jacket
Clothing/Sandals\SS301W_WhitSandal-WomenSandal-Mint1_1200x1200.jpg,Sandals
Clothing/Jacket\image54.jpeg,Jacket
Clothing/Sandals\0037842_petersham_cross_over_leather_sandal_brown33766.jpg,Sandals
Clothing/LongPants\sunnydaysweety-0696-6645916-1.jpg,LongPants
Clothing/Jacket\AFP-2_FRONT_HOOD_UP_Navy_Graphite_2000x.jpg,Jacket
Clothing/Jacket\image.jpeg,Jacket
Clothing/TShirt\images2.jpg,TShirt
Clothing/ShortPants\image62.jpeg,ShortPants
Clothing/ShortPants\Basik_Short_Pants_Olive_1_600x.jpg,ShortPants
Clothing/Shoes\image48.jpeg,Shoes
Clothing/Sandals\230222133923-underscored-teva-mens-original-universal-sandals.jpg,Sandals
Clothing/TShirt\image29.jpeg,TShirt
Clothing/LongPants\image17.jpeg,LongPants
Clothing/ShortPants\Wholesale-100-Cotton-Women-Fashion-Short-Pants.jpg,ShortPants
Clothing/Sandals\image13.jpeg,Sandals
Clothing/Sandals\image45.jpeg,Sandals
Clothing/ShortPants\image4.jpeg,ShortPants
